width,best_test_loss
2,5.074992370605469
4,5.100405578613281
8,3.8637075424194336
16,1.2351619005203247
32,1.1600922346115112
64,1.1668096351623536
128,1.273931818008423
256,1.280355362892151
512,1.2378859329223633
