,n_samples,n_features,n_classes,n_numeric_features,n_categorical_features,missing_pct,class_balance_ratio,mean_variance,median_variance,samples_per_feature,samples_per_class
count,110.0,110.0,110.0,110.0,110.0,110.0,110.0,95.0,95.0,110.0,110.0
mean,110618.91818181818,980.5363636363636,8.090909090909092,950.1181818181818,30.418181818181818,2.2049513833689676,51.39985229345508,4.735574963371035e+34,2377135257.288252,14578.97556107221,53554.67454883713
std,335541.23666391196,2848.835956317072,17.152069687906927,2853.533456565699,175.86162104942562,11.48548024281502,435.75609268632195,3.2463667648011288e+35,14941405180.170378,59495.76234723662,168169.1374874114
min,500.0,3.0,2.0,0.0,0.0,0.0,1.0,8.741066826550293e-08,7.357687934335937e-08,0.1412894375857339,15.99
25%,1134.75,11.25,2.0,6.0,0.0,0.0,1.247557003257329,4.678599192421875,0.22682178743568976,25.0,270.0
50%,2054.5,34.5,2.0,20.5,0.0,0.0,2.103478159874901,4374.967407837383,36.60029017448723,79.19298245614036,772.5
75%,17742.5,157.25,7.0,86.0,4.0,0.0,7.117285407893568,21601526.870699096,2111.6064425236286,323.01906779661016,3966.5
max,1997410.0,10935.0,100.0,10935.0,1555.0,69.77523478260869,4558.6,2.2528270702105966e+36,103545309297.21022,333333.3333333333,998705.0
