width,best_test_loss
2,204.02130719527457
4,120.21259781920794
8,122.70864238553834
16,105.48227262034
32,80.45638245517767
64,48.57769142076807
128,36.28871006641573
256,31.867855183129173
512,27.33574937616737
