width,best_test_loss
2,7687.311171875
4,22270.1383125
8,11.370032745361328
16,6.929370872497558
32,12.417136962890625
64,15.366321655273438
128,18.210897285461424
256,23.022492736816407
512,23.786576766967773
