width,best_test_loss
2,7.298752670288086
4,1.7716061687469482
8,2.748429479598999
16,2.5239555740356447
32,1.147040719985962
64,1.1709728384017943
128,1.2170543193817138
256,1.2484935855865478
512,1.2515652227401732
