width,best_test_loss
2,0.03565195038914681
4,0.03414685162901878
8,0.012222233466804027
16,0.005611018858850002
32,0.00495275853201747
64,0.006205051671713591
128,0.006554823022335767
256,0.008602099515497685
512,0.008996273823082447
