width,best_test_loss
2,14385.5736484375
4,110.58185943603516
8,10.87245588684082
16,5.474477333068847
32,12.528220344543458
64,13.8628148727417
128,17.059776763916016
256,17.11050796508789
512,15.05591339111328
