width,best_test_loss
2,0.28744798302650454
4,0.2879122591018677
8,0.19304550488789876
16,0.1915020485719045
32,0.19384695649147032
64,0.19352326393127442
128,0.19523693521817526
256,0.19355003078778585
512,0.19401081999142963
