width,best_test_loss
2,0.6789724133491516
4,0.6407875612258911
8,0.5592033981323242
16,0.4878027946472168
32,0.37049026618003844
64,0.29508393115997317
128,0.29678787040710447
256,0.30658523302078244
512,0.31395757746696473
