input_weights_mean,input_weights_var,output_weights_mean,output_weights_var,bias,pre_activation_mean,pre_activation_var,post_activation_mean,post_activation_var,input_weight_grads_mean,input_weight_grads_var,output_weight_grads_mean,output_weight_grads_var,pre_activation_grad_mean,pre_activation_grad_var,post_activation_grad_mean,post_activation_grad_var,best_test_loss
0.19611451029777527,0.10972531139850616,1.0564749240875244,0.0,1.1433309316635132,,,,,-2.3645377159118652,1338.949462890625,-327.1588439941406,0.0,,,,,22938.6775625
0.19437570869922638,0.11664865165948868,1.0605374574661255,0.0,1.1150070428848267,1.2555253505706787,8.327178955078125,1.8240922689437866,4.662057876586914,-15.992100715637207,1189.515869140625,-374.6976013183594,0.0,-3.75239896774292,55.653282165527344,1.0837674140930176,158.91897583007812,25955.466484375
0.19104988873004913,0.09680427610874176,1.1461102962493896,0.0,1.0365397930145264,,,,,-8.566885948181152,4102.69287109375,-546.64892578125,0.0,,,,,22940.915609375
0.19363293051719666,0.11534211784601212,1.0520106554031372,0.0,1.1423486471176147,1.2947132587432861,7.912208080291748,1.821347713470459,4.558467388153076,-2.690422296524048,783.7066650390625,-257.49847412109375,0.0,-2.5321950912475586,56.74764633178711,1.3498940467834473,134.43910217285156,22933.90778125
-0.1835523098707199,0.12612710893154144,-1.104729175567627,0.0,0.9616918563842773,1.4716970920562744,9.036484718322754,2.064316511154175,4.91904878616333,13.11541748046875,3368.74609375,576.172119140625,0.0,-7.86765193939209,79.4472885131836,-6.6650896072387695,111.2506332397461,22894.145265625
0.17776362597942352,0.10018254816532135,1.2197942733764648,0.0,0.9406266808509827,1.1750216484069824,7.375402450561523,1.7287442684173584,4.002072334289551,-27.61440658569336,3458.264892578125,-513.663330078125,0.0,-5.64678955078125,47.172996520996094,-3.3753833770751953,109.21044921875,22933.44759375
-0.16940008103847504,0.10838842391967773,-1.2670204639434814,0.0,0.7844995260238647,1.3878843784332275,8.362000465393066,1.961050033569336,4.508471965789795,3.744016170501709,1678.156982421875,289.8866271972656,0.0,-4.640212059020996,53.35810852050781,1.4294443130493164,184.8386993408203,25961.40378125
0.18142004311084747,0.0966549664735794,1.1922818422317505,0.0,1.0906366109848022,,,,,-11.433369636535645,1974.6109619140625,-299.86029052734375,0.0,,,,,22947.45265625
