input_weights_mean,input_weights_var,output_weights_mean,output_weights_var,bias,pre_activation_mean,pre_activation_var,post_activation_mean,post_activation_var,input_weight_grads_mean,input_weight_grads_var,output_weight_grads_mean,output_weight_grads_var,pre_activation_grad_mean,pre_activation_grad_var,post_activation_grad_mean,post_activation_grad_var,best_test_loss
-0.1637248396873474,0.09540005028247833,-1.2869763374328613,0.0,0.8153818249702454,,,,,10.345571517944336,4744.68017578125,508.07781982421875,0.0,,,,,23040.98678125
0.16085007786750793,0.09483940154314041,1.3218131065368652,0.0,1.0492154359817505,1.2506392002105713,7.002658367156982,1.736398696899414,4.089247703552246,-33.521236419677734,9761.10546875,-731.8025512695312,0.0,-8.398184776306152,124.73251342773438,-7.373211860656738,180.09359741210938,26036.854859375
-0.18110007047653198,0.10668866336345673,-1.1190104484558105,0.0,0.9239559769630432,,,,,1.4782345294952393,1211.584228515625,254.01321411132812,0.0,,,,,23021.056203125
-0.19770731031894684,0.1508358120918274,-1.00533127784729,0.0,0.9290456771850586,1.4774303436279297,9.832376480102539,2.1034772396087646,5.4078474044799805,4.453314304351807,1371.28173828125,392.2359619140625,0.0,-5.313352108001709,71.27862548828125,-0.30198824405670166,206.2679443359375,26022.048375
-0.14431439340114594,0.08334129303693771,-1.2839999198913574,0.0,0.784961998462677,,,,,16.912757873535156,4429.7890625,436.02313232421875,0.0,,,,,26014.30365625
-0.16034774482250214,0.09542927145957947,-1.064566969871521,0.0,0.8759162425994873,,,,,8.746721267700195,1950.404541015625,327.5173645019531,0.0,,,,,26017.069640625
-0.15088407695293427,0.09158660471439362,-1.336421012878418,0.0,0.8601980209350586,,,,,13.395078659057617,3176.185546875,313.36798095703125,0.0,,,,,26016.924640625
0.20322337746620178,0.10762946307659149,1.1430424451828003,0.0,0.9348570704460144,,,,,-31.896459579467773,4308.39453125,-666.5816650390625,0.0,,,,,22989.544390625
