width,best_test_loss
2,273.2812249637345
4,133.57266309423355
8,108.57996353593845
16,102.95480309643791
32,97.62175350744748
64,44.897700559745715
128,36.51457988405691
256,31.631888398846375
512,27.7131470615424
