width,best_test_loss
2,22237.0575625
4,37.45462203979492
8,13.963580467224121
16,14.018586280822754
32,10.504741653442382
64,12.722000900268554
128,20.523930236816405
256,21.37234504699707
512,22.121648864746092
