input_weights_mean,input_weights_var,output_weights_mean,output_weights_var,bias,pre_activation_mean,pre_activation_var,post_activation_mean,post_activation_var,input_weight_grads_mean,input_weight_grads_var,output_weight_grads_mean,output_weight_grads_var,pre_activation_grad_mean,pre_activation_grad_var,post_activation_grad_mean,post_activation_grad_var,best_test_loss
-0.1645863801240921,0.10715200752019882,-1.104838252067566,0.0,1.110735297203064,,,,,7.715052127838135,1865.1341552734375,345.1286315917969,0.0,,,,,26141.403375
0.2388538122177124,0.14669644832611084,0.9794942736625671,0.0,1.1821656227111816,,,,,-37.56940460205078,3139.791015625,-915.7747802734375,0.0,,,,,26138.885609375
0.19126787781715393,0.11277253925800323,1.0769015550613403,0.0,1.0224499702453613,,,,,-4.374545097351074,2660.310791015625,-465.972412109375,0.0,,,,,26139.164421875
-0.17489665746688843,0.10753662884235382,-1.0956662893295288,0.0,1.0464613437652588,,,,,9.56022834777832,3768.71630859375,573.3292236328125,0.0,,,,,26143.962859375
-0.1670849621295929,0.10285334289073944,-1.0940998792648315,0.0,0.8817873597145081,,,,,3.0133297443389893,1290.071044921875,287.2842102050781,0.0,,,,,23209.7371875
-0.15743108093738556,0.0986829549074173,-1.230007529258728,0.0,0.97867351770401,1.4549520015716553,7.291075706481934,1.9153984785079956,4.313866138458252,0.04105377197265625,4861.70166015625,586.8486328125,0.0,-2.4864912033081055,58.243072509765625,7.433542251586914,277.9110107421875,26122.488859375
-0.1801505982875824,0.12279049307107925,-0.9695762991905212,0.0,1.082251787185669,,,,,6.081181526184082,1843.8814697265625,371.43304443359375,0.0,,,,,26133.9505
-0.14738216996192932,0.08923200517892838,-1.248853325843811,0.0,1.0130908489227295,,,,,18.463523864746094,3899.274169921875,496.4743957519531,0.0,,,,,23220.141109375
