width,best_test_loss
1,30320.900765625
2,14332.620203125
4,14439.2796953125
