strategy,half_noise,orthogonal
anti-greedy,5.396594101095562,6.0971511667643385
greedy,5.569581691251419,5.925462460164074
random,5.031231856941734,6.049219360560354
