width,best_test_loss
2,7.337131080627441
4,5.656964416503906
8,5.663112850189209
