width,best_test_loss
2,781.6150522460938
4,492.53763134765626
8,261.3863034667969
16,75.97596545410157
32,30.303115783691407
64,25.307023483276367
128,19.766980865478516
256,22.62524221801758
