width,best_test_loss
2,0.3169436327616374
4,0.1973528281847636
8,0.1970056438446045
