width,best_test_loss
2,693.3597062490519
4,188.99202424577138
8,210.2500491836696
