width,best_test_loss
1,43921.49065625
2,910.2528950195313
4,23241.71159375
