width,best_test_loss
2,110.39904296875
4,5.39959300994873
8,4.927959251403808
16,3.427616605758667
32,1.2800510549545288
64,1.2752664756774903
