width,best_test_loss
2,0.17668759620189667
4,0.011174574375152587
8,0.018025427848100663
