width,best_test_loss
2,15358.4379375
4,536.2014245605469
8,15182.562015625
