width,best_test_loss
2,0.31015709320704143
4,0.28432761629422504
8,0.1979397483666738
16,0.19396462400754294
