width,best_test_loss
2,1017.2243284947664
4,216.67465476619387
8,158.59618666565535
16,137.00788420149425
32,123.52336839101847
64,105.79331836885619
128,53.318041347762914
256,40.1236396715479
512,31.89002055566288
