width,best_test_loss
2,0.6939857038497925
4,0.6440743104934692
8,0.5962526884078979
16,0.5089939851760864
32,0.4179816789627075
64,0.33530513072013857
128,0.2928387188911438
256,0.2727737120628357
512,0.2746300005435944
