width,best_test_loss
1,24148.14296875
2,870.1325068359375
4,23340.119375
